<?xml version="1.0" encoding="UTF-8"?>
<project-private xmlns="http://www.netbeans.org/ns/project-private/1">
    <editor-bookmarks xmlns="http://www.netbeans.org/ns/editor-bookmarks/2" lastBookmarkId="0"/>
    <open-files xmlns="http://www.netbeans.org/ns/projectui-open-files/2">
        <group>
            <file>file:/Y:/ProjectManagement/src/projectmanagement/NotesGUI.java</file>
            <file>file:/Y:/ProjectManagement/src/projectmanagement/studynotes</file>
            <file>file:/Y:/ProjectManagement/src/projectmanagement/TestGUI.java</file>
            <file>file:/Y:/ProjectManagement/src/projectmanagement/TestClass.java</file>
            <file>file:/Y:/ProjectManagement/src/projectmanagement/Question.java</file>
            <file>file:/Y:/ProjectManagement/src/projectmanagement/MenuGUI.java</file>
        </group>
    </open-files>
</project-private>
